cat1,cat2,var1,var2,var3,var4,var5,var6,pred1,pred2,pred3,pred4,pred5,pred6,resp1,resp2,resp3
Class A,Young,-9.050217783,1.975089661,72.5229457,3.232186851,49.71144321,9.124669671,4.943262995,-41.61716509,68.88241649,78.2169542,Category A,Yes,-54.81441706,326906.5807,58.62990356
Class A,Young,-70.295293,25.33706783,364.1971706,6.010223062,50.50914268,8.990304671,68.39188386,-1.141494676,25.49908843,35.58373827,Category A,Yes,234.2300314,21307.05949,55.13940379
Class A,Young,-64.92751657,52.56909309,188.150909,0.818289331,55.3333867,9.626353999,62.58956962,-31.25163326,27.17943832,37.96433732,Category A,Yes,100.782113,24046.02052,55.10945355
Class A,Young,-5.495620403,25.2528636,250.5136603,5.731514604,51.60611368,11.51304535,86.83743547,31.8189553,93.73765979,103.573779,Category A,Yes,401.9614752,831240.3163,61.89321619
Class A,Young,-36.4967894,62.23469677,348.778649,2.551231569,48.83467792,10.22933015,85.71993781,7.67066835,21.57421517,31.72813703,Category A,Yes,304.1260096,17439.12071,55.96469514
Class A,Young,-88.95874592,8.470628527,450.2417005,-8.880465385,51.64983259,11.74195501,79.1852359,-23.95712845,65.15564076,75.3252564,Category A,Yes,163.6414879,282923.3976,55.95608671
Class A,Young,-29.33437275,14.7608066,219.8957277,12.18986487,45.09105585,5.948957866,55.7367841,-22.04086354,81.40592421,91.41188332,Category A,Yes,123.2844577,542628.0735,58.09059678
Class A,Young,-72.87340693,59.84298924,377.2564423,-0.299514385,49.12663607,13.77844913,59.00762181,38.4822225,29.73734727,39.6881328,Category A,Yes,368.7364513,29829.94469,55.56201183
Class A,Young,-23.39407073,81.31111341,28.76841254,5.141759957,44.93488746,5.226828084,53.9658112,28.69304423,36.76899115,46.8598108,Category A,Yes,316.8742432,52672.73733,57.24959148
Class A,Young,-79.59244682,14.22062442,-464.614128,-2.651888335,51.81058109,8.908396601,15.30488634,22.8687912,54.02248513,63.96741854,Category A,Yes,221.0816086,157945.3705,56.61633517
Class A,Young,-12.0267971,53.96987384,-408.041917,0.11735335,52.75425785,9.445044151,26.85001788,37.92054008,43.27301763,52.922684,Category A,Yes,307.2618554,81802.23076,60.43108782
Class A,Young,-52.45652827,86.13094415,170.4293159,7.851775878,48.4575117,10.02009876,76.74423533,-4.800471105,82.5651627,92.61954342,Category A,Yes,233.475392,568785.474,58.66424983
Class A,Young,-38.46540272,1.954751718,160.2264058,6.885588798,44.18128577,8.820525831,60.23937149,43.08329746,26.9367242,36.43166106,Category A,Yes,389.415685,23223.92592,55.99155126
Class A,Young,-10.39409495,85.38864916,152.1559751,0.571805385,49.22049285,7.86092363,64.49145656,43.31911695,75.83480231,86.13699438,Category A,Yes,401.0244224,440329.0753,57.52281735
Class A,Young,-97.55068354,95.04513936,457.468048,2.60370638,52.12737749,10.23506612,48.28338858,17.90730539,76.88245766,86.43090508,Category A,Yes,269.2478239,456826.8571,58.69910875
Class A,Young,-49.55831352,53.11644671,336.5984031,-4.80685949,50.67704503,8.215395078,86.44372986,-17.44271046,91.12388638,100.8483476,Category A,Yes,202.6364093,764174.5242,58.4402845
Class A,Young,-89.88484188,85.76834109,180.5962319,8.481575715,49.49336887,11.11445855,83.11611449,-6.713472423,62.87617071,73.36219023,Category A,Yes,236.0966894,255533.3857,58.4095439
Class A,Young,-77.54873487,73.14732033,-269.9595182,0.998021485,51.7825491,8.609275546,94.40928616,-23.64902727,27.08727871,37.66738979,Category A,Yes,190.6202273,28837.66203,57.51418519
Class A,Young,-55.63969444,63.90308945,383.8817158,5.625157971,51.82292981,7.833347864,54.12390495,-48.07540895,97.00075446,106.2982095,Category A,Yes,18.71205238,915672.1523,59.51973816
Class A,Young,-55.40220626,34.71795495,-201.9896919,5.874942604,51.70730026,11.05762755,40.36896671,-25.51543261,70.65082979,80.57930276,Category A,Yes,78.54439404,354335.9009,59.02637086
Class A,Young,-55.93735443,77.4492715,201.0137436,-2.427691555,51.51324033,7.460480067,14.55995268,15.7691132,80.70308678,90.92918226,Category A,Yes,191.7851236,525880.5729,60.0383641
Class A,Young,-55.9059439,88.76040275,8.664964465,-0.980075279,47.24411642,12.04518393,55.90854106,-19.06685529,46.04945492,55.329582,Category A,Yes,133.3350686,100826.4609,59.04003392
Class A,Young,-17.82522416,97.02773576,114.7716511,-11.96512834,51.2509428,10.86204106,53.00544987,-2.304439107,56.47489198,66.56744915,Category A,Yes,194.5506973,182982.9128,58.7425128
Class A,Young,-25.96042932,43.46704357,-194.3488363,-0.67735011,48.72549954,7.948069315,86.96881472,23.65429855,91.2987431,101.0710253,Category A,Yes,371.2138719,768632.2061,61.13558389
Class A,Young,-77.71935672,57.01629987,-10.73654601,0.690311439,48.23854912,12.25339463,18.66127755,-42.77632323,13.83751195,24.44423866,Category A,Yes,-31.61189995,3047.917751,53.59798066
Class A,Young,-44.41826798,91.53559778,-103.1426205,-2.929172462,50.15383022,6.77315082,75.24319186,21.38097435,51.04275069,60.99086505,Category A,Yes,336.9717593,138696.18,58.40711444
Class A,Young,-52.56626238,57.37078881,-257.45964,-1.234365564,50.23764687,11.09694292,54.62520421,-37.97666277,68.12202977,77.86591665,Category A,Yes,59.72169639,319161.451,58.05376694
Class A,Young,-67.90874416,19.09861008,160.3747057,4.435463069,52.44727436,14.28430896,72.97290403,45.3171907,11.19678626,21.57787253,Category A,Yes,423.6215017,6777.120703,54.79497357
Class A,Young,-41.77542457,96.17697089,134.5795956,2.547834491,46.87601212,10.4027428,35.53185286,-28.60379501,43.8672629,53.76789778,Category A,Yes,57.29863868,85726.20658,56.65827763
Class A,Young,-85.5361247,84.742653,302.042875,-0.716446381,48.21768493,5.835293712,9.005801775,-42.25615303,98.57654432,109.3968986,Category A,Yes,-50.4430576,958032.8838,60.85493769
Class A,Young,-24.32331908,65.3983837,-370.9569634,1.397686507,50.52180795,11.69232497,46.97007765,34.44020825,22.1975714,31.89643628,Category A,Yes,333.4482362,13192.09477,56.81095937
Class A,Young,-37.4449763,98.8631438,-195.5206955,0.526597948,51.22872167,9.403114288,23.08423971,-6.949613313,38.58601432,49.07769624,Category A,Yes,122.5573729,58034.61637,56.34908039
Class A,Young,-14.93754112,58.1926197,288.9922394,-3.202673668,49.54499357,9.335532174,86.34953883,-19.06881898,55.39089246,65.3583323,Category A,Yes,200.3294225,177454.2754,57.7845804
Class A,Young,-0.5634584,43.06441683,-415.5781134,-2.991322831,50.94695383,9.513216173,26.31369655,-34.31935024,41.9044388,51.73018427,Category A,Yes,13.38596896,74327.57073,58.10652346
Class A,Young,-36.92776666,37.13321092,328.7142417,1.891587709,46.85819529,9.506323405,27.43472701,-5.742380442,86.1805574,97.34907527,Category A,Yes,133.0251833,640872.5103,59.88874336
Class A,Young,-46.47781698,3.123171441,-92.0507533,-4.732014782,51.83219954,7.673785616,97.76973596,-11.27355287,11.19294281,22.21863728,Category A,Yes,252.522448,11012.24889,54.57355342
Class A,Young,-85.18357703,32.25451198,160.1840134,1.963048405,50.08739995,7.799829914,40.25876985,8.049049997,84.27986274,94.92890944,Category A,Yes,212.7287457,600319.8187,59.36624251
Class A,Young,-39.94338694,23.38790637,-330.9121588,5.775756683,50.54387412,11.97243562,30.02426715,-34.14216477,0.797957624,10.5784029,Category A,Yes,25.50886445,952.5786471,53.82835545
Class A,Young,-52.15099335,57.99207897,312.2466714,6.535493273,52.13789258,7.924038995,17.37325327,1.337714447,53.3528114,63.29625056,Category A,Yes,142.9906791,152221.1866,57.03363374
Class A,Young,-52.12671526,98.35481036,268.4889315,0.816722459,49.82502818,10.58242717,5.25151887,-0.200426602,69.72248999,79.57397107,Category A,Yes,109.7996542,339014.9359,58.97035713
Class A,Young,-76.8050459,50.76073383,352.4659853,3.402258772,49.76023165,6.925399871,64.00165267,-4.702351755,37.63526757,46.65303079,Category A,Yes,210.7435059,57453.96961,56.70955439
Class A,Young,-30.11822456,6.281231111,5.675960565,7.103637406,48.53828933,9.904697431,0.795425777,-26.95684591,91.29569675,101.7786576,Category A,Yes,-5.848894791,760991.5378,57.02410414
Class A,Young,-18.7671426,46.15506821,-64.87604766,-1.494242835,47.05037278,10.1972329,90.08771011,22.87929247,55.56897137,65.97322219,Category A,Yes,369.3517801,179757.879,56.88798319
Class A,Young,-39.49196418,61.9040926,-421.4618071,-2.900332848,50.00620777,6.748690739,22.84769167,-35.32639344,64.85720498,75.66955319,Category A,Yes,4.406969728,273391.8561,59.99471606
Class A,Young,-67.3230916,71.42942175,276.3626352,-1.905153962,50.79431367,13.2373815,50.92793542,-27.82910164,31.6891355,41.61454491,Category A,Yes,89.9487268,34465.29936,57.36486641
Class A,Young,-67.09495862,39.71038263,125.3384252,0.40370016,47.62355513,9.247107525,67.9167209,-15.86922172,25.98514305,35.77738408,Category A,Yes,174.0023035,22209.37667,58.28029138
Class A,Young,-87.64551724,59.42449232,-253.9884211,-1.486922931,50.8692009,7.777862882,52.19485606,-29.31151129,54.87254914,64.59297448,Category A,Yes,86.26093626,167994.5055,57.44970225
Class A,Young,-18.9948925,55.73432033,425.6686145,4.470986227,47.26472248,9.974076936,43.65022294,-40.84142942,23.46156435,33.81529821,Category A,Yes,27.00480507,14868.19013,54.01560058
Class A,Young,-38.33231831,85.43493126,433.9682176,5.95944457,51.05164563,11.97928636,58.34469863,20.63598221,77.1765216,86.59834721,Category A,Yes,300.3787156,463133.8276,59.51366779
Class A,Young,-43.80603011,2.718232176,31.16226196,12.14784553,47.64527083,9.65393156,36.99895327,-33.90437139,12.06659356,22.01291249,Category A,Yes,36.02228145,3175.700083,56.35801368
Class A,Young,-12.63978723,57.03805289,40.19757244,-1.215225785,49.61200225,10.33193466,49.93800295,1.268255198,91.71784825,101.7375775,Category A,Yes,204.9574266,774089.7579,59.0125964
Class A,Young,-43.989653,41.96345001,43.57415508,-7.441706533,49.94013555,11.25255691,27.98388826,2.761212178,17.62595004,28.40920196,Category A,Yes,167.221003,6310.196167,55.86662417
Class A,Young,-39.78689229,61.0829609,-484.7777719,-4.250255851,47.50456693,7.1817827,7.643559296,11.80282095,19.68099019,29.75548506,Category A,Yes,162.8714801,7732.769591,55.82941697
Class A,Young,-93.61467997,88.85654302,-24.25986971,2.58584578,50.57752521,1.212527369,88.42174313,10.47566344,95.55122941,105.2960145,Category A,Yes,319.2115528,880252.4362,58.73490488
Class A,Young,-31.70083703,23.10749248,430.1155021,1.984820552,48.23700172,6.356866026,14.46380038,24.768715,26.66055507,36.34517088,Category A,Yes,226.8130726,19207.56382,57.42961977
Class A,Young,-55.0981719,91.25938027,471.3228426,-2.771588081,51.32855336,3.886810678,35.23698817,-26.01540056,31.11459902,41.20720967,Category A,Yes,64.56439671,31413.85669,57.0078454
Class A,Young,-22.98736242,84.94123635,1.957730623,5.572918276,52.42395697,4.714734827,61.81833495,16.06402153,34.59098868,43.74588259,Category A,Yes,286.5066345,45261.06868,58.17048058
Class A,Young,-91.78421772,74.60525618,25.05381429,-1.680453306,50.84686543,7.646741444,68.44865878,24.6782341,48.44290742,58.98576063,Category A,Yes,338.4700967,118416.2146,59.13966048
Class A,Young,-84.74739522,91.9602188,228.483316,-2.309361598,49.77525388,7.403920227,70.40747013,39.69729657,18.41384992,28.00672771,Category A,Yes,400.7654942,11251.1109,56.58380743
Class A,Young,-91.64026959,87.05316426,-15.05466341,2.179617475,49.50692545,7.050033192,33.94999891,-31.47976052,42.53701549,52.02345693,Category A,Yes,42.05320635,78171.41343,58.10897612
Class A,Young,-86.27581121,0.290511502,386.2061936,0.729179939,50.60326295,3.443450905,79.99713977,39.42599352,34.67619622,45.23334394,Category A,Yes,420.0968363,48146.74423,58.61799927
Class A,Young,-77.66343134,61.8253398,-32.15294913,5.186468648,51.36287801,6.851804576,71.85369125,-34.71621347,62.39716969,73.2136628,Category A,Yes,106.2722897,248150.8388,59.6820652
Class A,Young,-99.74659241,99.60782938,377.1214238,5.694222327,49.09261843,3.412245498,88.57367672,33.40471494,67.25723534,77.32704975,Category A,Yes,410.0748436,312135.0121,59.25242476
Class A,Young,-76.95776899,79.13505556,-168.5594653,-0.680152878,50.26094243,3.17233367,90.02406613,-31.75279077,67.818175,78.86058322,Category A,Yes,152.8443141,320069.3441,58.58048071
Class A,Young,-66.12197096,83.43482139,69.37403046,-17.71993988,49.84206857,6.893583174,53.65670575,28.52157494,86.89319021,96.72920385,Category A,Yes,323.570785,659008.8707,60.50967976
Class A,Young,-3.80928996,35.59406435,255.5154962,-2.388462362,47.51577861,7.480293757,29.44462572,-24.14448296,62.93792839,72.86342849,Category A,Yes,62.06189605,250227.4368,58.815184
Class A,Young,-74.74629111,10.51248291,-308.6224177,-2.443586082,51.4720208,6.752408301,61.96816347,-27.19672709,35.32617597,44.53989664,Category A,Yes,116.6566722,47975.53262,56.83215899
Class A,Young,-4.146682331,83.26611801,433.8378243,0.021614133,49.03821761,8.391464153,35.08139018,19.2207213,49.14569163,60.35923278,Category A,Yes,248.020955,119982.9128,58.07134655
Class A,Young,-5.637850263,5.973183014,-51.98335415,-3.880553077,48.89057643,5.346952949,63.27217603,-41.25970576,54.92939409,64.13025112,Category A,Yes,57.75459491,169787.5918,57.75058625
Class A,Young,-65.29980733,33.87650691,-122.3273829,-0.558077374,50.65384663,5.543458467,99.77404012,48.97305735,41.06651901,51.37736799,Category A,Yes,494.0109087,79261.46167,57.9998113
Class A,Young,-61.06645907,92.51684069,-473.7062985,6.00023318,49.17409202,8.141948445,13.62879125,-0.104228407,12.81348818,22.54253383,Category A,Yes,125.5132608,2339.585556,54.4619162
Class A,Young,-93.1647375,72.4876595,-182.6608717,-2.980409599,52.35346189,8.809044541,63.51464225,-27.72678416,68.2353731,78.41289601,Category A,Yes,115.6884249,321791.5183,60.79994664
Class A,Young,-40.74214108,96.4383886,-312.3328267,2.829097691,48.23345727,7.379246633,88.17801208,-5.12589037,78.34374318,88.66545267,Category A,Yes,258.003103,488679.3446,61.34887731
Class A,Young,-83.02344147,61.36281288,204.4558928,-7.757718254,52.30756171,3.950947616,3.331823624,28.93467974,3.664325015,14.91327228,Category A,Yes,226.7928906,110.6343625,54.18572174
Class A,Young,-37.68031832,26.7564795,87.17204956,6.190730803,47.16271906,6.196511373,27.04727475,-24.02487393,25.6664067,36.20251575,Category A,Yes,58.85955991,17688.2316,54.98194831
Class A,Young,-38.76716446,22.95265927,286.2270954,7.287736271,49.24777154,12.10093443,50.99471114,-12.75578295,32.27928812,41.60867459,Category A,Yes,152.3541855,36283.21954,55.86201922
Class A,Young,-86.13005204,60.07088225,-16.55972097,5.50907384,52.06811123,5.176835123,52.68578827,-12.53946812,53.67953989,63.17764763,Category A,Yes,155.0863599,157503.2001,58.83113518
Class A,Young,-67.04543547,39.27345728,487.6521004,1.204237831,51.85083618,2.799879,25.19744078,41.22733462,92.14020232,102.0584218,Category A,Yes,317.2410461,782939.8587,59.32818503
Class A,Young,-94.37130331,21.13260766,-66.6423603,1.484658994,48.60191208,9.122914098,81.25998562,-49.82274703,63.28274317,72.45587664,Category A,Yes,65.40855329,260081.1472,57.80845882
Class A,Young,-37.90147782,85.01791107,-250.7350298,-1.845276251,50.62675729,6.239809022,2.793952101,1.407598215,31.41468195,41.94863319,Category A,Yes,111.6671628,31060.41796,57.9290315
Class A,Young,-39.33932767,97.03288022,-277.8426819,1.763042831,48.28457746,4.305343158,2.741528815,1.840306842,1.460904046,11.86103819,Category A,Yes,109.3952839,59.78695421,54.0283774
Class A,Young,-91.0367019,84.13406941,-479.2146916,5.301779688,52.52844158,4.022637034,1.63034678,26.46056521,98.66154657,108.715041,Category A,Yes,211.3156777,960433.5632,60.09806905
Class A,Young,-51.92606135,52.95685397,453.6223609,-0.335995839,48.0232351,6.256561725,18.17310886,35.81323656,15.16902423,26.53127885,Category A,Yes,278.7430815,3871.650546,56.24060132
Class A,Young,-18.87393259,80.6867061,-190.3243363,1.080168194,50.91742926,4.408744948,88.64427577,-8.289809502,31.81974986,42.51500709,Category A,Yes,242.364534,40124.01072,57.41088662
Class A,Young,-30.08518352,39.64748783,492.2672391,2.786967832,47.77573152,6.255726761,82.9039606,-1.504065981,55.62925928,66.06434858,Category A,Yes,258.5729121,179073.5925,56.11365682
Class A,Young,-2.377216704,14.33760468,284.1757883,-2.722001808,50.04382378,9.870598018,39.10196903,35.66052571,20.45429747,30.37327272,Category A,Yes,317.9776398,10136.53903,56.77782092
Class A,Young,-91.48146322,14.8382734,75.31973743,-7.287479625,50.19958589,5.835732937,42.42230188,-6.852118531,29.70862691,39.77073417,Category A,Yes,157.6324629,28071.57607,57.10995109
Class A,Young,-93.14463958,62.91735629,-147.9417055,-2.583310802,52.14382443,5.535716011,23.50641387,38.06691205,2.058335696,12.19207291,Category A,Yes,295.5694847,609.8607567,52.95969876
Class A,Young,-19.13626308,19.15757463,-150.4362421,-3.90967056,47.5332638,2.131964568,73.92358584,3.805715544,89.35109144,98.94512194,Category A,Yes,261.986183,718860.079,58.92598944
Class A,Young,-55.20923247,93.06479418,81.1444493,-1.542284796,51.60088815,5.766993131,34.38910821,40.26519367,18.72555565,28.81127604,Category A,Yes,327.7580682,7796.621376,55.58642283
Class A,Old,-81.47934647,79.39252029,-409.3889545,-3.781199626,50.59362774,7.769569717,6.305073411,-0.813656161,70.03705082,79.965034,Category A,Yes,103.1044723,343633.7739,59.46846086
Class A,Old,-21.9195189,45.09041023,-58.46411432,0.941431633,51.45065949,6.381207024,32.88640999,-32.69771361,16.56798813,27.83203074,Category A,Yes,35.62491716,5679.006959,55.88883918
Class A,Old,-73.71107799,17.43640406,224.2015123,-3.445590998,50.95790845,4.426341972,62.09689789,-46.384547,75.03295038,85.45713133,Category A,Yes,38.76329727,426337.7008,60.60712519
Class A,Old,-65.98902708,56.70486679,436.1990986,0.822318536,49.61737805,5.412685118,84.83004584,-28.59676306,82.81515017,92.86007792,Category A,Yes,155.0074081,575220.2275,60.07704284
Class A,Old,-12.04092409,46.78622952,-31.57124971,1.384958206,47.60804622,6.585552658,62.40511814,0.3808446,4.434140795,14.40593038,Category A,Yes,223.4915036,4031.963741,54.00241166
Class A,Old,-43.77710856,36.36017723,-484.8723775,6.043581181,47.06952585,9.054580017,98.16464873,15.36740877,21.24817616,31.82887587,Category A,Yes,358.0644124,19278.44993,55.66927321
Class A,Old,-54.60057657,59.4605831,-173.0223482,-1.245202546,51.36108512,4.841693177,64.79133763,45.88691606,18.20750623,27.70166936,Category A,Yes,413.636143,10283.50358,54.99237846
Class A,Old,-6.139253639,45.69341177,63.47933109,-6.883471002,47.16843173,5.629172327,12.08756873,41.15855936,94.87513986,104.236416,Category A,Yes,288.1658273,854196.0855,60.0917385
Class A,Old,-32.87864139,89.72806574,-86.28005325,-8.577095236,49.34756697,4.585454154,68.97233475,-49.39798317,39.69664071,49.69068977,Category A,Yes,42.31639964,67361.40747,57.63583019
Class A,Old,-37.23513065,4.517664877,-215.4265081,6.417591644,52.38211584,6.191717904,95.50909963,-2.987676184,79.11720825,89.21257571,Category A,Yes,278.8514075,504408.3334,58.68115265
Class B,Young,8.774752356,14.06978152,299.2146944,16.05797884,57.03137479,8.157116663,74.40577375,-19.36793576,74.42093208,85.27625113,Category B,No,106.4088826,417765.1839,58.48221862
Class B,Young,41.2021663,14.42445728,202.8070653,12.1882258,51.63361072,8.973283213,30.84541326,40.25491895,84.52443432,94.55582188,Category B,No,182.3127539,604877.2585,58.27549208
Class B,Young,24.5989627,-41.38836425,87.77968725,6.011565752,54.11116219,12.63736041,97.67053127,-36.1549838,96.18173556,105.9052046,Category B,No,97.42368486,899358.4336,61.18918362
Class B,Young,9.453278524,-33.5604785,117.465083,14.29497729,58.16622874,9.061460339,29.89807448,-19.96069269,35.47299912,44.69833615,Category B,No,61.87815711,45580.42914,57.13401934
Class B,Young,2.543420857,-39.97631059,-449.1036984,7.453331383,55.26878934,10.41974152,96.6686053,17.97362021,42.23317832,51.67757511,Category B,No,202.3999814,84724.51272,56.88152278
Class B,Young,29.41577744,5.267758574,-221.8442394,4.349543721,54.60694005,6.051470185,17.83231297,-33.10071062,80.20079511,90.32484263,Category B,No,20.99818568,516232.5456,59.26369484
Class B,Young,1.739216875,32.53247149,91.82063583,6.063002651,57.84080097,10.5021534,3.456367902,-11.87512949,28.42948555,39.09348493,Category B,No,48.56396403,23038.97268,57.55867781
Class B,Young,-34.02963961,-49.40569121,257.6018395,1.420168876,54.21947929,11.45916715,45.8687336,2.788568777,55.25167405,65.42141393,Category B,No,121.4146406,170823.9135,56.77720464
Class B,Young,-12.2746656,36.81261323,321.6248287,7.920340024,54.3525267,8.75303167,48.53674287,-1.9239238,75.01144342,84.88793354,Category B,No,114.8207787,424475.0806,58.25542187
Class B,Young,-41.8724806,-36.04636884,-17.34468318,14.00887016,57.2365754,9.633067995,93.37088414,-23.9507626,44.32411892,54.69939443,Category B,No,116.5894348,95848.15625,57.29604246
Class B,Young,-35.52075427,-12.58673035,-478.9833999,7.108860046,54.53819598,6.805679493,52.99352654,-16.90256319,36.92811064,47.32256985,Category B,No,87.52778264,53217.98477,54.52828059
Class B,Young,15.38816497,22.85801293,-233.5991575,21.08811906,51.03665799,9.582178142,63.32523965,-9.146623989,26.94675822,36.47151581,Category B,No,115.3238917,23625.54145,55.91169143
Class B,Young,-22.2064629,16.20524803,14.02948727,10.28762239,53.6722222,12.60953515,43.51019696,-2.390597598,93.45127943,103.605393,Category B,No,109.3132492,818068.5925,60.25641135
Class B,Young,-2.60591486,-28.62602968,138.9884944,8.555845175,52.80815962,7.626287231,1.24310602,-39.36582108,64.47646646,73.49831087,Category B,No,-8.358012342,268094.5393,59.19983839
Class B,Young,-16.68581371,-14.14220401,-142.6830345,6.948285956,56.65904698,9.935695499,49.40207356,6.145042856,29.28823025,38.63643523,Category B,No,130.7751369,27613.82581,56.52809482
Class B,Young,5.380589887,23.13578152,304.9270415,4.269091407,53.41070443,9.393724711,44.32785281,28.86953964,17.18195644,27.74169612,Category B,No,172.5831481,7086.296442,55.46843997
Class B,Young,-3.015385265,-48.03592879,107.4236273,9.551454894,56.71993883,9.113771934,86.26956309,36.81728537,82.98679288,92.53632278,Category B,No,228.3265674,579007.3197,59.34593001
Class B,Young,-46.85851925,-42.67067073,429.695575,5.095209438,55.58583637,9.87162469,92.65859742,-49.0869876,53.66062163,64.16511677,Category B,No,65.26843715,163149.9144,57.51363659
Class B,Young,-41.72842121,-18.95645787,44.72198384,10.03255269,55.04980167,8.158317546,85.06802877,-39.45320777,6.906553637,16.66394148,Category B,No,78.17805492,7617.822947,55.35307954
Class B,Young,11.93250972,17.63671897,68.05013539,10.19490919,52.82935533,8.361374807,30.66957581,22.20717424,73.42358397,84.34811191,Category B,No,146.7687249,396820.1073,59.8190058
Class B,Old,8.050845889,-12.69660385,-253.4434036,15.80914614,58.19046131,9.967202486,1.912729,4.598095687,77.16994209,87.2825874,Category B,No,80.68601004,459616.3986,58.7982002
Class B,Old,-42.32475255,-35.60997318,480.8090555,5.579476764,53.4230222,11.0598966,95.35023277,-16.04154503,50.78710674,60.26332497,Category B,No,133.3412727,140139.4653,56.47714917
Class B,Old,29.9984148,-49.81119309,368.0595392,10.29607671,50.97755333,9.575217674,37.42689234,22.2788855,68.34500008,78.26536631,Category B,No,150.7751825,320694.1391,57.59368965
Class B,Old,-4.536009301,-29.61533125,-304.6195018,6.123358731,56.67797917,9.361424365,89.23654023,4.690132756,49.94531581,59.27552462,Category B,No,170.0397446,132602.6115,56.75293135
Class B,Old,39.6468211,-27.20496596,140.2693302,7.339684231,59.16433829,10.6037804,68.35905714,-25.40867608,91.96119662,101.8603407,Category B,No,87.3215174,782426.4694,59.45676573
Class B,Old,-0.104849902,29.49560378,-302.9257683,12.55707381,54.81942809,9.609375777,46.57776242,-34.48991159,96.82444541,106.4754087,Category B,No,48.48032381,909946.316,60.12818726
Class B,Old,35.6644826,47.80177423,-400.8838097,18.06054358,56.27845782,11.14862908,75.45900196,-20.07161023,54.78973913,65.17014451,Category B,No,105.6164518,170217.9052,58.68215642
Class B,Old,-12.1397729,37.81388511,416.4788644,17.07961873,55.55684374,10.83518918,98.51575,-22.70892533,30.44201368,40.47655009,Category B,No,122.4365463,37964.98881,57.62066424
Class B,Old,-29.57751062,-20.4422988,142.1522347,15.47884776,55.42366175,9.550486092,83.34127804,9.318656102,23.42720758,33.66275103,Category B,No,170.8768797,19853.51713,55.17760671
Class B,Old,-36.72691782,37.99139287,-14.28357395,15.03219542,51.35796605,9.855628864,26.46570161,-11.40671347,42.40728763,52.65698267,Category B,No,74.67084559,77014.59951,57.10823478
Class B,Old,-35.66413152,38.18143741,288.697612,9.333326916,54.4917237,12.43471585,44.89081942,21.97676816,68.51629247,78.31972965,Category B,No,158.5396558,323713.271,59.66720303
Class B,Old,-1.594669651,9.549017064,-342.6803632,10.74552855,53.77819882,9.212007099,20.75652333,-29.76846567,23.21424554,32.72108461,Category B,No,32.4741907,12991.66702,56.28448425
Class B,Old,41.47104858,-27.31254855,-497.8392078,16.49625816,54.52300189,12.27375926,49.88406904,-35.60228671,3.94169807,13.7529914,Category B,No,49.8727603,2599.143358,53.18598914
Class B,Old,-41.34048135,-43.53592691,-366.2015933,2.26299309,57.40804624,9.666819279,69.77356039,-26.13411022,72.34784265,82.69471876,Category B,No,87.05833201,383602.0906,57.98393228
Class B,Old,27.77960307,0.707173953,288.1860081,16.07826841,56.0294805,14.32375268,4.674594244,-21.38837848,7.28038759,17.52857628,Category B,No,31.06442482,456.6378605,54.07425458
Class B,Old,27.87945354,-30.90243551,-256.0965626,2.261217174,56.93488488,9.540553203,91.75094948,-44.22575003,46.79585556,57.26527072,Category B,No,74.39763582,110942.613,56.11363966
Class B,Old,-31.05800822,21.66217826,495.5541191,15.94632693,57.43969173,9.741534582,74.94826249,-20.15982156,93.36904292,104.1630723,Category B,No,104.9297267,819637.2096,60.72451603
Class B,Old,23.39905,2.216365444,-352.5806884,10.71866588,55.25728793,8.870161807,84.13812732,-6.405451102,84.11280937,93.8147391,Category B,No,140.7503111,602224.0924,60.51091699
Class B,Old,22.84795225,-41.22629378,83.33772747,14.84225244,55.22231752,10.77356308,87.73601442,-0.608762098,29.49745751,39.52230029,Category B,No,156.1544706,33415.01563,55.04729955
Class B,Old,31.6579052,21.04761871,62.62133177,12.22820323,54.85995664,8.739310342,44.9596656,30.48671049,40.87553089,51.40061999,Category B,No,176.1884047,70365.87891,56.22392274
Class B,Old,26.68017831,-10.0156843,45.98548426,6.891820432,57.27478604,13.06670308,96.99182797,4.175253911,87.03337116,97.4411511,Category B,No,174.9095556,668718.3056,61.91056994
Class B,Old,26.81585704,-20.45367719,161.6248165,9.460963256,52.98243508,10.41980684,88.60365928,33.94433295,42.93313455,52.18532056,Category B,No,227.0213512,87036.85987,57.54577669
Class B,Old,2.025314304,16.68850505,-203.2160261,13.116451,53.18427395,13.07296755,32.21486916,-15.32028604,60.53442545,70.99605953,Category B,No,71.82634781,222911.6516,58.91777927
Class B,Old,-49.82238095,-23.7759399,233.9226806,12.23069627,52.67991786,10.08013596,53.81242761,-31.31194417,93.95721427,104.5216767,Category B,No,60.57142536,832396.3134,60.56328676
Class B,Old,10.93187218,41.48721674,-23.73903967,15.8323784,56.60754546,6.93266135,4.500204651,-47.07837256,28.68174852,39.80563035,Category B,No,-18.91390668,23664.39457,57.98995568
Class B,Old,-21.34848468,19.20064758,-69.52546467,16.27923377,55.75000506,11.24542323,37.71153411,42.42423309,92.8247289,103.0010731,Category B,No,192.6666137,801292.5519,58.78680189
Class B,Old,-9.318393003,-2.308988292,-218.7362632,7.841077606,56.78543111,14.15124759,48.45035514,13.58254058,74.04111619,84.42512163,Category B,No,144.725392,408298.0752,60.12099758
Class B,Old,23.414109,29.89969063,22.99728966,5.353050726,53.87367283,12.26202714,16.07248839,44.49059027,95.3801628,105.5687916,Category B,No,175.4940767,868015.9724,60.07655633
Class B,Old,-17.1869277,-8.425911842,295.1728511,12.06123043,53.50747368,9.164529016,52.99170534,-13.95866822,64.61709761,74.97390095,Category B,No,95.99796504,272659.6611,57.38704109
Class B,Old,15.78504432,-28.95369958,336.3952497,10.09938781,54.05346981,10.09110891,14.2365657,33.11850489,70.44080226,80.0765936,Category B,No,149.1899338,349773.3636,58.71918378
Class B,Old,44.21213225,-1.397461095,440.9131396,10.98493973,54.34647461,5.802473153,97.06786752,-43.22872004,9.634768381,19.74301472,Category B,No,82.04773859,10366.13327,54.21829552
Class B,Old,34.16541847,-34.10776029,-489.4853367,10.15063901,48.72325258,5.931981966,84.87996003,46.66283482,1.300888835,10.71119609,Category B,No,248.2365456,7257.62418,52.42040485
Class B,Old,3.6692617,-8.305309713,17.43887574,12.19943509,54.85517253,3.994827693,9.202635591,34.08565233,97.87086542,107.7978785,Category B,No,146.9627432,937611.1773,58.84309949
Class B,Old,39.77036898,48.61056281,468.8133674,10.15472881,54.76787134,2.193223389,60.54159484,19.71704182,93.98341055,103.7515415,Category B,No,169.6200507,833860.4093,60.35807474
Class B,Old,42.03303969,2.292510448,-311.4593588,12.50549143,57.03543761,5.453520488,40.03497725,-17.26212683,59.71564751,69.37137514,Category B,No,75.98118306,214596.1097,57.18282148
Class B,Old,30.60123252,19.88731923,-199.824759,15.96258386,56.5250644,7.546146337,24.46615868,13.16982284,13.18549004,22.49445147,Category B,No,119.957774,2941.078677,54.2934603
Class B,Old,-31.01449523,29.02664989,-126.1543005,11.4227678,54.1286935,6.72730248,54.57439646,30.28484415,74.98392076,84.99647075,Category B,No,186.5696787,424633.2907,58.02553583
Class B,Old,-33.74398698,22.28863847,46.76475236,14.13265644,54.29654191,4.345528358,2.69754515,34.19133013,26.54808313,35.8254331,Category B,No,141.0301596,18767.808,56.03934351
Class B,Old,3.762349766,-9.450648492,-38.20032557,6.264305196,56.42121064,1.429140146,10.53811598,29.04589465,88.13212055,98.74304392,Category B,No,138.9901145,684707.289,59.35597945
Class B,Old,-18.6590201,21.30698431,6.680367049,8.69032333,57.18063278,4.639373994,77.83995278,37.40626713,22.42376606,32.10440922,Category B,No,223.654056,17385.29294,55.70620878
Class B,Old,28.51795347,-43.52542181,-196.6486864,5.964370283,55.4880007,7.111219635,72.24320117,13.14485688,11.45632446,20.8402456,Category B,No,167.3805916,6774.394717,53.84443696
Class B,Old,39.67477586,-26.99005408,-179.4910859,20.00242132,57.75685191,7.012094105,34.82294255,40.83803776,20.3081164,30.17739207,Category B,No,186.6854701,9637.413918,55.5199932
Class B,Old,31.600747,-28.22066515,471.5770443,15.82927253,55.77555942,7.717351163,71.80913154,41.36023158,40.81258867,50.48437133,Category B,No,226.0630681,73187.90349,57.54807429
Class B,Old,-9.747790708,23.73315466,-375.3910977,13.12184458,54.1238665,6.635010617,65.45072768,5.926889949,41.86173268,52.001894,Category B,No,149.4039489,77693.0047,56.34601834
Class B,Old,35.35445244,-5.223619146,-0.239031855,10.7493733,51.89756308,7.062728578,82.2278592,-14.29364074,60.05818218,69.44192085,Category B,No,122.6978767,223440.8153,56.66901502
Class B,Old,45.87322073,3.628262901,492.2348501,7.315576676,53.83024916,6.293693318,94.96170657,23.41290521,17.90027604,27.74933742,Category B,No,211.0750088,14804.28175,54.87950764
Class B,Old,-29.03376359,17.67712738,-7.678263122,12.79877426,56.84376687,5.414801462,42.81195989,35.16377311,4.09441127,14.66856904,Category B,No,183.8663524,1951.512464,53.91283161
Class B,Old,34.06629802,0.033534551,-329.9956648,1.587120899,54.49578248,5.061576889,96.79963223,3.299894277,21.95589319,30.60777658,Category B,No,171.4622278,20003.71286,55.06974107
Class B,Old,-39.75126212,16.23634247,476.3268833,6.583084122,56.80719635,4.2219081,9.674131125,15.17543325,72.44175239,82.90080793,Category B,No,109.8319558,380302.859,58.76497066
Class B,Old,-19.66841489,38.75777158,-57.68949562,15.27845254,54.09259526,6.723544867,8.620875864,46.75156279,61.33339172,71.17825092,Category B,No,172.6142014,230846.5078,59.16585113
Class B,Old,-38.03004636,-4.591343715,-170.5905781,12.56379049,52.81068289,9.208332965,66.26919315,-27.84983506,39.2021372,49.45077095,Category B,No,81.17086163,64686.64805,56.45612358
Class B,Old,26.59990084,-49.14894693,-172.7917325,9.001578809,56.67955895,8.413420728,27.70664426,-0.623423327,94.81235433,104.720288,Category B,No,96.41034929,853122.5599,60.38554415
Class B,Old,26.30124982,-29.29476409,282.6259797,-1.850810045,54.91026855,6.3759383,17.17938089,-2.361841896,64.20832644,74.91971902,Category B,No,83.2878221,265059.1352,59.42727048
Class B,Old,5.235110153,35.92003814,228.71307,8.56364019,54.66886218,7.536128023,7.349531399,36.86463314,64.57241811,74.69896068,Category B,No,150.4406104,269346.3783,58.20807201
Class B,Old,-16.14982483,18.14090828,-173.5962983,2.115140842,58.31934787,7.03758673,48.78462299,41.04953911,5.502079474,16.0751164,Category B,No,201.9268979,2596.783442,54.89523193
Class B,Old,4.256874043,45.51098475,474.8772276,9.38280022,58.19014164,3.710859079,51.17005776,13.31797752,3.004338662,12.46568156,Category B,No,148.2884906,2695.515552,54.17161659
Class B,Old,23.18547487,-41.74423395,440.2200598,9.744853511,54.94707373,4.507967579,61.06043928,-7.030310319,57.20974552,66.5930835,Category B,No,118.1428613,191023.8989,58.61747699
Class B,Old,-21.68308671,33.08370702,-82.40886405,16.18917094,55.96010969,7.111564212,24.92284647,19.51489367,19.47976754,29.87917076,Category B,No,135.1046272,8061.841461,54.05737952
Class B,Old,-3.723985376,-48.31226342,-181.9834379,10.12988586,53.92143046,4.473223405,21.49544323,-0.425274414,97.05268943,106.8395294,Category B,No,88.88115116,914671.4201,59.5311249
Class B,Old,37.1871002,10.22509623,392.3978035,12.25951849,54.60604108,5.879379064,70.23574521,-39.61166465,43.70392081,53.8068806,Category B,No,60.7132773,88460.19461,55.64078181
Class B,Old,-6.215547863,47.28390253,-288.534312,14.49265732,53.87437418,5.901968374,12.95045041,-49.23517667,24.1294726,34.6704186,Category B,No,-14.58787947,14266.31923,55.62344088
Class B,Old,-21.56545187,36.48875856,-152.783866,18.45931119,56.67644236,6.574100014,40.54506507,26.39842131,11.23308756,21.86855335,Category B,No,162.5848265,3110.702499,53.95254955
Class B,Old,-19.98828496,-43.71364268,-418.3896477,8.08528707,52.88589587,7.469943171,83.49315068,-35.99171482,89.5008808,98.82924785,Category B,No,81.13959677,723961.2386,58.77055688
Class B,Old,-3.794634412,-11.1406601,264.561675,5.442522417,56.19288258,4.649530476,54.84276074,-18.37967741,44.74297026,55.02708961,Category B,No,88.09967161,92628.76001,58.21744216
Class B,Old,-22.73369078,48.18212034,-22.5692743,5.476012824,56.00197316,2.921951886,23.22495368,6.122837611,12.43702099,23.11810079,Category B,No,106.5281368,2514.818636,54.02211674
Class B,Old,-33.9281796,-42.15668961,-251.3434582,5.447055387,55.92134099,7.390140582,1.359981741,18.17697955,57.8936307,68.3003247,Category B,No,108.9940666,194092.398,58.51725781
Class B,Old,21.8825561,-32.07874147,234.7163651,14.65802856,53.60826827,6.913185957,5.212230398,-7.539637154,82.95588277,93.02595432,Category B,No,59.94283516,570953.3343,58.56382506
Class B,Old,0.538669177,41.67456229,-491.4551696,15.68236003,59.6316813,6.409563325,17.63929862,-40.33936141,78.47277296,88.86612808,Category B,No,8.046056748,483596.0533,60.93729671
Class B,Old,-33.48765918,31.1425704,-379.682346,11.35766015,52.97534503,5.117743381,83.02867678,-46.03453721,0.245624944,10.48660097,Category B,No,61.06951759,6942.964467,53.62741756
Class B,Old,-8.730441751,-38.61860563,137.0553256,15.49167328,54.09433258,4.879138754,41.60784464,3.509409423,69.86707917,79.76724623,Category B,No,118.3191556,342829.7547,58.46341257
Class B,Old,-1.666952414,44.28882063,319.9686385,17.37917255,57.52903441,8.279696852,82.99739,38.4539807,15.46771103,25.24077496,Category B,No,228.9926607,10637.38259,54.06443577
Class B,Old,13.24569199,-9.460230172,29.8131702,19.82221493,57.47308025,5.472854868,30.61807354,-47.96490856,71.06775504,80.9689269,Category B,No,6.097944737,359922.5562,58.30690769
Class B,Old,43.11397204,48.08636091,469.8792927,17.5425682,55.19352752,8.674635737,88.88258594,26.59823934,21.38745734,31.10527783,Category B,No,213.6138935,17733.63095,55.33066232
Class B,Old,-6.175194751,-15.10608026,-489.0477688,4.456913784,53.01630245,4.048338711,33.00975491,18.46473943,99.54312493,109.3838064,Category B,No,137.5263598,987496.6829,61.57622468
Class B,Old,-18.23630419,46.2779321,-497.0581348,16.14210716,58.29183118,4.275661605,66.68566768,-42.24448656,55.69353518,66.53022487,Category B,No,52.8217136,177246.8679,59.26586464
Class B,Old,-45.15438715,-45.42333332,-474.9935612,14.23947415,54.10943245,4.874529529,7.404660759,9.364103526,63.15722454,72.98064584,Category B,No,97.17837849,252028.9298,56.38776054
Class B,Old,-27.41962881,45.20275982,52.32222634,17.04714913,52.49046985,8.925703797,2.302610502,-10.86665525,49.36279522,58.61762655,Category B,No,51.19672331,120336.7775,57.30276042
Class B,Old,8.535968233,11.53342626,-50.42657629,7.845725184,51.74601721,4.78251779,94.85435658,-29.6308558,1.549139479,11.9068101,Category B,No,106.28852,9049.515664,55.62518973
Class B,Old,40.7217938,32.69206209,-87.62831427,12.57805996,55.69533589,7.078110849,2.787698014,47.72583053,42.89652291,53.57320552,Category B,No,167.4431909,78993.04144,57.60082741
Class B,Old,11.63355601,-31.46993953,153.2858617,16.67870313,54.81357229,7.686139527,26.98998796,-14.8705207,76.40621825,87.02798192,Category B,No,68.87583222,446831.2358,59.27972497
Class B,Old,31.47947523,37.524615,234.8055367,-8.950586407,57.26281426,11.75410644,55.63356543,29.44700241,43.16452134,53.78685059,Category C,No,163.6395468,83567.0518,58.52752728
Class B,Old,66.45797491,31.14904691,15.54490323,-14.33942839,59.75614241,10.26495251,24.16224354,30.26117354,79.31812343,89.36163491,Category C,No,134.5021619,499653.6817,59.11858743
Class B,Old,1.384296361,18.07496659,-258.5999479,-9.124737178,61.96824025,12.87143027,55.17677101,0.178982015,3.485404863,13.75783287,Category C,No,106.2275507,3136.769187,55.8819464
Class B,Old,12.34286979,86.98358741,299.8871768,-0.97936597,57.13321919,12.41291994,1.456179633,-0.090237567,1.077759778,11.49559997,Category C,No,51.39015694,52.33565766,53.10706359
Class B,Old,21.62894143,4.217288573,-80.86223016,-10.62652003,61.27934229,9.451619605,72.56212393,19.28320085,84.28980389,95.17419,Category C,No,159.1625398,604175.1292,60.28388794
Class B,Old,67.06006136,55.53544373,-453.4424455,-10.97152238,57.84931202,9.455027721,58.37371799,42.16827354,18.40966395,28.57274838,Category C,No,192.6920374,9695.327526,54.52420816
Class B,Old,24.37380678,43.08427139,-332.6651503,-6.022688803,57.38601336,9.184824802,23.6406927,-32.61941639,23.93458071,33.59213744,Category C,No,7.773703446,14321.63543,54.70948662
Class B,Old,30.94054903,38.22954067,-452.7868542,-14.8811292,61.97924653,12.43564108,61.86824422,-45.7350577,39.51187998,49.07301976,Category C,No,19.24068406,65563.84523,57.16641371
Class B,Old,87.28794523,79.43594402,-336.6241574,-10.57233717,58.8751238,9.940190914,20.4532722,4.503443255,78.70230658,89.35102281,Category C,No,78.71000529,487954.6746,61.2358215
Class B,Old,67.44538585,83.37656693,232.5259417,-4.51831028,58.88972072,12.3447245,58.62800884,-43.00232904,44.40624672,54.43421973,Category C,No,23.3395508,91053.43201,56.61410261
Class B,Old,61.60808718,51.37595355,252.6873162,-13.42899849,60.66096439,10.43660676,2.514683502,16.76881511,2.4997239,12.70177982,Category C,No,86.57589868,73.62213355,52.42949154
Class B,Old,28.19908317,96.75817261,166.6551749,-9.160605422,57.34622582,9.443536286,67.48878595,-43.37707858,95.20229478,104.995251,Category C,No,30.30791394,867469.9564,59.70481024
Class B,Old,31.26670585,88.90856702,-82.85460714,-8.274555638,55.46223706,7.822006583,61.49809684,39.65391195,94.13396094,103.9129727,Category C,No,190.5628493,837973.2863,58.84828348
Class B,Old,41.54058765,97.03778801,320.7638343,-18.75231596,59.45355365,10.01550326,44.60515238,-14.07056577,86.205645,97.1831959,Category C,No,67.38444602,642667.4646,60.22552705
Class B,Old,58.07734125,94.60874123,-22.22440671,-17.89165587,60.6795925,11.90260092,1.238154992,24.38259642,74.24946276,84.14782318,Category C,No,99.14834662,409387.269,60.22771484
Class B,Old,39.4159948,60.23330714,-353.0531044,-7.039793686,60.01102566,11.06676536,92.92338174,-17.46774721,36.28840048,46.02250807,Category C,No,107.1568859,56471.49315,58.61331273
Class B,Old,10.34887619,18.57365053,-51.04450975,-3.674470674,55.37293231,8.031227804,65.40298841,31.9830081,35.03564617,45.29465271,Category C,No,179.2865278,47332.9418,56.35549367
Class B,Old,61.31298086,45.57050485,-349.6563437,-4.4737944,59.39265896,12.13220927,46.011626,49.96035579,84.65060729,94.98057894,Category C,No,196.2654406,608749.3919,58.52711974
Class B,Old,4.705099412,26.9804714,158.8469399,-7.89027038,60.19269487,8.600793793,68.63293485,-22.42548498,80.04154265,90.07115434,Category C,No,73.28718283,517558.2765,60.11129155
Class B,Old,61.83267639,58.99899318,-404.0099292,-3.553351093,54.63478661,6.829715727,5.296920566,-41.6328131,18.5322423,28.78878024,Category C,No,-27.44632279,6440.812429,55.06312812
Class B,Old,77.82653992,51.78071938,386.6661717,-12.72776215,60.94721527,12.84563229,19.43642723,5.749303102,92.99223367,103.1525359,Category C,No,80.58600973,804584.0196,59.66126326
Class B,Old,41.73118006,73.80500613,-261.2542675,-14.13000476,60.72972988,13.22694829,6.483708997,-8.43501382,59.56297456,69.19293215,Category C,No,38.72417052,211404.595,58.84241839
Class B,Old,13.03114097,17.67693961,-346.2904361,-10.0263033,64.21481719,11.45394576,16.39358874,1.196206128,64.8996999,74.89719646,Category C,No,68.51508944,273673.1286,60.22597658
Class B,Old,79.92901069,41.96387848,157.1095341,-6.071487616,57.73660537,10.58200428,52.31146999,-38.22660546,27.58452047,38.55355689,Category C,No,25.51160228,23774.79953,55.52337081
Class B,Old,71.14023948,28.45919579,491.2377715,-12.24384898,60.19636981,11.2578502,70.12354261,-37.86079413,75.31142198,84.66246027,Category C,No,45.00901226,432119.6787,59.00480094
Class B,Old,26.00665013,19.16037344,-15.07790154,-7.681402097,60.79507656,11.74935782,28.83854408,6.940097618,13.72666303,24.32947706,Category C,No,93.54285744,3468.799913,55.76225295
Class B,Old,22.61089054,3.571067587,-495.6288484,-12.17237825,62.16882415,10.38322772,40.55708938,5.666352971,64.04044232,73.67368478,Category C,NA,101.2897048,264335.9941,58.03831326
Class B,Old,98.93192351,73.7788612,-78.38803343,-7.616143991,60.27280869,6.236827409,80.4088678,-8.657485689,38.73406071,48.65013465,Category C,No,112.7022625,64629.27314,57.342384
Class B,Old,41.58255935,8.37097913,-71.80317305,-3.45863141,59.3516175,8.691650076,98.01249008,-9.618598362,3.371061943,13.41585157,Category C,No,129.836911,9695.741215,53.75685728
Class B,Old,20.59255901,39.88448791,-289.8122468,-12.71246247,61.53585556,10.54841062,36.04439169,30.38479367,78.26591101,88.35722539,Category C,No,146.261567,480770.2867,58.11408784
Class B,Old,93.96404731,68.72655123,486.0935169,-5.879722817,57.75732347,5.56501295,22.33389698,17.74375108,53.90209914,62.88495305,Category C,No,108.2684491,157159.4031,60.1551934
Class B,Old,28.09160189,30.04849642,-305.6165592,-1.939093816,60.25817881,10.19537203,38.87086986,35.77377852,47.80860187,56.48318272,Category C,No,160.8221011,110835.2029,58.0557024
Class B,Old,38.18601044,75.32376687,309.6006582,-11.82787798,62.11464255,5.609040844,41.80452435,23.44911082,52.95520045,62.97457467,Category C,No,138.5538714,150298.1812,59.08178087
Class B,Old,62.59826811,15.57532526,-458.1100377,-10.23536825,61.39087529,9.945443429,44.48160445,-17.41833368,93.96503833,104.4185764,Category C,No,59.7354368,831685.976,61.72090961
Class B,Old,16.63649078,97.63766581,-128.1270401,-11.59829405,60.69198044,15.08062432,50.433625,42.85836269,82.1612614,91.93389247,Category C,No,186.595222,557221.1013,60.90079275
Class B,Old,73.64700206,36.78504792,-336.7755208,-8.042762684,59.98255129,5.763023012,3.601875249,34.75425504,91.09357141,101.2126606,Category C,No,122.3904806,755960.1706,59.09152379
Class B,Old,3.198453947,15.44157851,473.0696776,-2.25600733,59.66919357,8.681268186,15.64016775,2.415401605,10.35588142,21.08994214,Category C,No,68.60240343,1405.797829,53.81920205
Class B,Old,39.59944118,98.6100205,78.5948243,-8.590415932,61.67485446,11.17520171,22.9306495,-36.72234961,43.40101182,53.77828933,Category C,No,-0.248588259,82328.83224,58.44198539
Class B,Old,23.93974937,10.39622428,-189.3884453,-12.97513183,60.38335747,7.136606824,24.1393602,-9.269769164,80.55209764,91.00172841,Category C,No,56.70458215,523304.7478,60.33176042
Class B,Old,27.6979273,99.82957677,-492.7826475,-14.70673248,59.38762627,9.378463308,57.85435233,-2.179829078,39.41078705,48.58200377,Category C,No,103.7208197,64611.91986,55.16733454
Class B,Old,20.70946107,53.27944206,465.2194723,-2.442473716,60.94556835,8.580608403,79.82170102,-17.37231326,78.4024474,89.30351089,Category C,No,94.68024339,488356.8858,57.98207654
Class B,Old,21.06296278,8.297983278,493.1792482,-0.774261218,63.34026142,11.26413552,59.81470193,30.23024271,47.76758386,57.1740182,Category C,No,170.42853,112622.285,57.06394008
Class B,Old,51.88763093,36.57756145,-41.4004717,-5.010265591,62.31588132,7.784100281,85.09723644,20.68782428,90.30805649,100.166543,Category C,No,175.6315305,743801.5776,59.24744632
Class B,Old,79.85305698,78.16129893,210.8457207,-2.775527061,62.13561054,9.93889916,43.0226729,18.27260822,36.02632289,45.5344745,Category C,No,130.9974826,48658.48131,57.82685515
Class B,Old,99.05499823,28.0556995,-161.8270427,-12.49381822,59.50334465,9.785599448,96.50753248,-40.90414278,2.299333247,12.07071986,Category C,No,63.66373849,9375.741265,53.58712819
Class B,Old,67.33188326,50.58023569,-244.9819141,-2.648082782,60.49569527,11.85076491,86.57850057,-41.25008492,22.2309002,33.46878306,Category C,No,53.14359197,18532.98509,55.66283524
Class B,Old,85.74585235,20.82118983,466.5965273,-12.70001251,58.19709323,8.09880368,95.57942858,11.32915101,11.27112075,21.94167265,Category C,No,167.5584477,10615.11346,54.95848477
Class B,Old,56.58699914,68.51772186,229.2579038,-10.53306015,58.79758891,10.07272633,61.99518391,-9.259439213,3.208471462,13.22190805,Category C,No,93.7463089,3924.979591,53.91320323
Class B,Old,73.83256319,86.87827128,-474.3278066,-5.327162508,56.56959406,8.565746031,3.43117367,-4.083164898,38.70387899,48.52227084,Category C,No,44.69926451,58039.92714,58.33401128
Class B,Old,17.45112552,98.27399631,62.09137407,-11.90065757,60.80592134,10.32214887,69.57320168,17.39856703,64.19263708,73.85378768,Category C,No,152.752025,269409.732,59.54369165
Class B,Old,86.012349,34.88107955,-419.0143605,3.052007859,57.99160458,3.248420748,55.28034104,-38.19984572,75.17373804,85.39581905,Category C,No,28.87398013,427919.2483,62.68123519
Class B,Old,35.34232297,16.16276798,-309.357573,-9.790360295,59.09290654,4.443774732,88.96227255,31.59039048,66.85533447,76.8049842,Category C,No,201.97878,306783.0128,57.2929135
Class B,Old,50.21506788,3.886941564,102.1537813,-15.55295571,60.76531831,5.581838698,38.37598921,-31.97900495,18.8634485,28.55146914,Category C,No,24.73493773,8235.662205,56.97281005
Class B,Old,74.76991096,89.36371936,231.7255486,-7.353820047,58.85881178,3.427386992,44.34676778,-6.721291924,69.07074184,78.01989125,Category C,No,82.81894885,331536.1937,58.06004963
Class B,Old,99.45123841,11.9954838,-41.241606,-2.489720344,59.16103598,3.206080632,82.23090598,45.93875036,81.61878297,91.57319491,Category C,No,223.5332333,550524.287,59.23549615
Class B,Old,89.10352541,49.48153747,405.1566129,-13.20132463,58.05506624,7.378019433,45.51749441,-46.18871347,94.11631562,104.9751931,Category C,No,3.27018588,835792.5261,59.75957355
Class B,Old,76.72702193,96.673005,31.33518994,-7.582247001,59.87837194,6.055737983,87.24316086,34.70334245,9.885567892,20.48052879,Category C,No,209.0665326,8627.603592,55.61074679
Class B,Old,46.4753222,63.60931722,-220.0022261,-7.404381079,62.23274559,5.463627559,54.70013695,-46.6132479,69.53658939,80.12156624,Category C,No,11.17521858,339275.3038,60.71613596
Class B,Old,43.29181998,33.706131,471.7337107,-11.9153473,59.24688816,5.962406464,97.11274784,-35.93201763,63.76304668,73.31563868,Category C,No,75.59027448,268724.1214,59.18675335
Class B,Old,91.24135764,25.69916982,455.2494511,-14.38998706,59.9719838,3.951581779,34.68408349,35.51941821,56.95524178,66.73169203,Category C,No,157.5883107,186008.7334,59.95807503
Class B,Old,81.36197911,68.79143284,-27.76623261,-5.259740893,60.1613243,6.014820459,75.16773369,-12.68186227,63.1722261,72.45278789,Category C,No,100.5696545,257803.3512,58.71854737
Class B,Old,85.6646568,65.12993944,-158.0638776,-8.826418527,59.01507592,5.727676412,88.51732891,27.89797371,71.07365082,80.25980925,Category C,No,194.4448349,366912.6837,58.28383932
Class B,Old,74.97729415,66.89225344,59.4545831,-14.4911906,58.26082366,4.850828985,19.05538405,28.10540511,32.1441076,42.13013528,Category C,No,125.8576555,33625.71271,55.94787737
Class B,Old,37.38608977,19.80620169,-48.45028766,-9.369392563,58.48629924,2.203792905,82.08571458,8.550552186,71.11124543,80.80845056,Category C,No,150.2517671,366383.2478,60.18977564
Class B,Old,41.55458785,27.26679186,-495.5597981,-21.10333244,61.24945039,7.739878476,92.62617326,-40.76758628,20.28430144,29.74058672,Category C,No,61.32203484,16975.9578,55.19851356
Class B,Old,31.17331045,50.06428382,-445.4196878,-4.878954006,60.61081537,5.427419374,16.13456302,-1.875110576,77.13103888,86.82484302,Category C,No,61.20526361,459179.7781,60.1825745
Class B,Old,49.0109632,56.42713003,-12.82257237,-8.912345496,60.76086946,4.522299524,26.96949875,16.07842001,49.094684,59.46542826,Category C,No,108.7449352,119109.1918,56.50675434
Class B,Old,42.70761865,18.07593287,-337.6412017,-10.85024694,62.28614398,4.186138263,66.73988376,16.70011273,50.57077033,61.6971872,Category C,No,150.994814,133832.8847,57.46416695
Class B,Old,84.7753546,86.96108027,273.1405203,-10.0241517,60.6702746,2.528767216,77.24881631,-21.12470721,12.66627298,23.40937005,Category C,No,85.82873783,8048.374893,56.06213605
Class B,Old,74.20031105,56.39440098,332.7676659,-14.24257738,61.20139577,4.412855138,94.7727123,32.73437212,88.15897484,99.38661353,Category C,No,208.5312543,694202.9396,61.55477182
Class B,Old,11.64989194,45.60383721,-287.9918667,-5.213347631,59.6116083,5.117489483,54.0187832,-40.28117426,37.89266641,48.16994793,Category C,No,24.61244172,57375.18015,56.99319934
Class B,Old,36.40488575,82.56692449,218.301347,-14.3418809,58.59804778,4.383346037,3.789195069,6.331888749,89.17198805,98.59236592,Category C,No,65.35240495,709128.641,60.00474068
Class B,Old,1.730098762,3.521259082,138.2352929,-10.04799105,59.27165341,5.283848033,21.63680559,5.048998911,58.28412962,68.85780247,Category C,No,80.82235343,198510.6789,59.02302827
Class B,Old,4.170258716,16.56886332,-199.8867614,-8.285036184,60.05733858,4.594222968,76.51410911,-47.79472412,42.43083328,53.17794372,Category C,No,31.47104914,82293.61354,55.85309809
Class B,Old,37.64741665,65.06476013,404.8480978,-14.63658389,58.79044451,4.735099474,86.61090692,36.92602119,61.76133282,72.58774446,Category C,No,209.536218,243137.2769,58.4661487
Class B,Old,25.37890372,51.27490044,-53.1030905,-9.347716001,60.2818148,7.293216107,55.28367129,3.976127342,93.77789835,104.2383837,Category C,No,113.8666486,827816.857,61.25361345
Class B,Old,86.39601974,21.66782212,118.8622981,-17.97730299,59.78877597,6.608700406,62.49712526,-31.03684846,55.33605271,64.96429156,Category C,No,51.72711795,173398.5626,57.9964266
Class B,Old,76.95073092,72.55632142,-2.160814591,-10.98022455,61.62546759,10.33595169,66.02779953,-41.22452154,86.09988617,95.82619943,Category C,No,32.46400755,642686.1713,60.65349719
Class B,Old,86.45541428,21.62113916,-422.3538472,-9.3858779,62.59132679,5.990297803,89.94446248,35.43163731,42.00472939,51.67880762,Category C,No,212.9345138,82254.18768,57.00611175
Class B,Old,82.28087884,98.91081855,32.96099161,2.616847365,58.25459884,6.252242479,59.98224327,36.75909569,50.05925898,60.09705972,Category C,No,183.4621848,129091.2656,58.864085
Class B,Old,40.27978033,93.5830977,-248.7171262,-5.149266243,57.14808621,6.508020565,6.234501349,43.63233396,81.18004585,90.59457031,Category C,No,143.2851668,535079.8925,59.87487865
Class B,Old,32.31885589,39.89822171,201.8079485,-18.14988344,60.57634323,4.515056445,10.43087749,-21.12836721,4.664588952,14.70203685,Category C,No,19.03235559,260.3146085,55.90031222
Class B,Old,33.65008382,23.06522732,151.1411974,-13.27495408,62.96789291,7.660048833,21.35185401,-45.14433485,75.50108626,85.44952227,Category C,No,-21.44108327,430893.0508,60.32079159
Class B,Old,80.62307334,86.60739108,-48.63149254,-7.07720714,59.25710204,6.24143024,73.78663889,36.67638628,86.92173904,96.76383727,Category C,No,197.4126336,662219.4623,60.14306251
Class B,Old,14.05638272,10.84024028,214.1622321,-9.473795943,61.93168689,7.555076638,54.74273164,46.80099087,45.93770052,56.56281875,Category C,No,197.1025261,99987.22878,59.06230104
Class B,Old,7.272679661,31.99499303,-168.6214104,-19.55240849,58.12207292,6.908666238,3.426730353,-41.72023456,68.80733371,79.1482606,Category C,No,-31.78437787,325828.7572,57.95719347
Class B,Old,88.92888813,20.28633815,350.9039672,-8.183615176,59.93209363,6.854384538,24.24475267,7.938860706,39.98646587,48.83042193,Category C,No,91.16296399,64570.98388,57.38209575
Class B,Old,67.81901817,52.76803437,-493.5627091,-10.04672183,58.21209463,2.29931044,73.95031957,-37.02439179,69.76912299,79.44184822,Category C,No,49.75960796,345137.227,58.9442403
Class B,Old,13.28394387,69.15517584,-483.3366689,-10.00289353,62.66478439,6.645221682,60.43740588,-40.77823581,25.16075117,35.04301977,Category C,No,30.17521519,19632.68509,54.40070643
Class B,Old,33.00638958,5.419931724,-161.8680253,-8.440881135,60.43419298,6.545231254,8.432033751,2.745890897,78.16743136,87.3559635,Category C,No,63.20310936,477734.7344,59.69173281
Class B,Old,47.19397994,37.11276609,398.7909628,-2.004488738,63.27394467,5.766238509,52.63906962,-26.69409881,19.99836413,29.79737753,Category C,No,49.87492517,10817.96752,54.92448121
Class B,Old,12.3623848,99.55026363,178.0605018,-8.575383571,57.02539036,7.592755516,8.557296544,-5.899018561,1.388292457,11.27307865,Category C,No,48.02111207,125.8348365,53.9355354
Class B,Old,14.44404793,47.18422059,242.9339732,-12.63018824,60.85365767,5.504021845,0.246276148,-34.11588892,62.43905127,72.65867449,Category C,No,-17.29080884,243477.3451,58.48511201
Class B,Old,62.44628148,90.9815175,-357.2934172,-13.81477853,63.44346979,8.476003194,81.46107364,-0.295537291,39.11403108,49.1526267,Category C,No,129.9582131,66527.05556,58.18092895
Class B,Old,86.56771085,80.50272358,191.6752257,-19.27252206,58.23320241,6.022312285,52.14193349,27.22319788,6.065002363,16.26473263,Category C,No,158.3334034,2991.050192,53.92384901
Class B,Old,11.49229084,21.11852926,351.2500313,-11.32972094,62.92533637,8.823879854,53.38629931,20.26181074,7.269702712,16.64827655,Category C,No,143.5379863,3283.907317,54.3436585
Class B,Old,14.78459025,67.39982772,-392.1218584,-14.62506398,60.37827086,7.740316812,65.7225016,2.276341314,95.9641079,105.9961904,Category C,No,118.2474308,888112.4121,60.16364283
Class B,Old,1.658478659,65.94706296,166.984224,-8.186999596,57.86105478,3.592841238,7.96909926,-1.474399259,87.55140407,97.33245283,Category C,No,54.83499787,671214.3576,61.0954606
Class B,Old,71.94772712,87.3056272,-143.5326699,-15.69253163,57.72737503,5.252422934,49.97787366,12.67245621,86.57479372,95.8822976,Category C,No,124.6469628,651441.906,60.01980184
Class B,Old,47.80087927,44.95410805,-253.98688,-10.45404795,59.11643649,7.532124301,57.24677488,38.91097477,32.40271651,42.5984247,Category C,No,184.9921051,37347.432,55.1794473
